val_binary_accuracy,binary_accuracy,loss,val_loss
0.453125,0.625,0.7127562761306763,0.779640793800354
0.515625,0.78125,0.4485633373260498,0.6460546851158142
