val_loss,binary_accuracy,loss,val_binary_accuracy
0.7365795373916626,0.640625,0.6839710474014282,0.46875
0.5668632388114929,0.84375,0.4118812680244446,0.65625
