{
  "version": 1,
  "source": {
    "split_csv": "C:\\Users\\YUKI\\Documents\\Vivy\\artifacts\\stage3\\splits\\train.csv",
    "split": "train",
    "label_filter": "Genuine",
    "images_used": 640
  },
  "zones": [
    "transaction_amount",
    "reference_number",
    "timestamp",
    "name_block"
  ],
  "families": [
    "android-like",
    "ios-like",
    "generic"
  ],
  "stats": {
    "android-like": {
      "transaction_amount": {
        "laplacian_var": {
          "median": 439.8637087649139,
          "mad": 304.18865953513966,
          "p05": 117.65006996797344,
          "p95": 1153.0072656210816
        },
        "edge_density": {
          "median": 0.025048451979609452,
          "mad": 0.0036749420714010713,
          "p05": 0.013437047760006008,
          "p95": 0.03187325939316949
        },
        "spacing_cv": {
          "median": 0.6823857933301941,
          "mad": 0.058466772210161,
          "p05": 0.5373872885649091,
          "p95": 0.9505320178656439
        },
        "alignment_std": {
          "median": 0.27256100483266843,
          "mad": 0.01518095356760249,
          "p05": 0.2256190042673053,
          "p95": 0.30475634563397286
        },
        "font_height_cv": {
          "median": 0.3151581431085594,
          "mad": 0.03481419279515449,
          "p05": 0.25748823517832703,
          "p95": 0.4262475721393023
        },
        "stroke_fill_ratio": {
          "median": 0.049827990045381354,
          "mad": 0.004083564248210408,
          "p05": 0.031610313734292156,
          "p95": 0.06368544486246153
        }
      },
      "reference_number": {
        "laplacian_var": {
          "median": 396.69872583732786,
          "mad": 276.3680585337572,
          "p05": 102.55254691434295,
          "p95": 1134.053667014796
        },
        "edge_density": {
          "median": 0.03301867262865897,
          "mad": 0.007237938756370164,
          "p05": 0.012766145153998867,
          "p95": 0.04415628209050442
        },
        "spacing_cv": {
          "median": 0.1894943426813281,
          "mad": 0.03671969529807226,
          "p05": 0.15155068515555742,
          "p95": 0.7355926772572813
        },
        "alignment_std": {
          "median": 0.023571851831158404,
          "mad": 0.004691317227001713,
          "p05": 0.017817426810343463,
          "p95": 0.3740948148028691
        },
        "font_height_cv": {
          "median": 0.36009423090671,
          "mad": 0.0295450516241324,
          "p05": 0.31475232871664033,
          "p95": 0.4745674112399038
        },
        "stroke_fill_ratio": {
          "median": 0.024811541545000808,
          "mad": 0.005387543414378072,
          "p05": 0.0175421965145129,
          "p95": 0.09221302541469133
        }
      },
      "timestamp": {
        "laplacian_var": {
          "median": 365.626467931346,
          "mad": 365.626467931346,
          "p05": 0.0,
          "p95": 2088.9741887734876
        },
        "edge_density": {
          "median": 0.0180117501546073,
          "mad": 0.017381320866630766,
          "p05": 0.0,
          "p95": 0.038521901826986574
        },
        "spacing_cv": {
          "median": 0.20645037534342148,
          "mad": 0.20645037534342148,
          "p05": 0.0,
          "p95": 0.6605044417126746
        },
        "alignment_std": {
          "median": 0.03598676670135734,
          "mad": 0.03598676670135734,
          "p05": 0.0,
          "p95": 0.4056405793902197
        },
        "font_height_cv": {
          "median": 0.3047437154941828,
          "mad": 0.3047437154941828,
          "p05": 0.0,
          "p95": 0.795224104701685
        },
        "stroke_fill_ratio": {
          "median": 0.07161151790178617,
          "mad": 0.023655926518200622,
          "p05": 0.0,
          "p95": 0.10105657054809597
        }
      },
      "name_block": {
        "laplacian_var": {
          "median": 177.85358151413766,
          "mad": 113.75253883422744,
          "p05": 6.95960431545927,
          "p95": 631.0562936905969
        },
        "edge_density": {
          "median": 0.015364986928411529,
          "mad": 0.004213130849796437,
          "p05": 0.0017888274945625322,
          "p95": 0.030444110705857112
        },
        "spacing_cv": {
          "median": 0.0,
          "mad": 1e-06,
          "p05": 0.0,
          "p95": 1.4289991585517288
        },
        "alignment_std": {
          "median": 0.0,
          "mad": 1e-06,
          "p05": 0.0,
          "p95": 0.37079221096365433
        },
        "font_height_cv": {
          "median": 0.0,
          "mad": 1e-06,
          "p05": 0.0,
          "p95": 1.915888880426083
        },
        "stroke_fill_ratio": {
          "median": 0.38778784890183005,
          "mad": 0.04782871086869239,
          "p05": 0.03477631546939398,
          "p95": 0.43561655977052244
        }
      }
    },
    "ios-like": {
      "transaction_amount": {
        "laplacian_var": {
          "median": 378.7416717081245,
          "mad": 144.43001968914155,
          "p05": 106.25021552305545,
          "p95": 656.2890893507123
        },
        "edge_density": {
          "median": 0.013134238499016562,
          "mad": 0.0015153959287652532,
          "p05": 0.008694195083214423,
          "p95": 0.02130399247798803
        },
        "spacing_cv": {
          "median": 1.201391280672129,
          "mad": 0.27122219900444855,
          "p05": 0.39658238450373234,
          "p95": 1.5102165552806577
        },
        "alignment_std": {
          "median": 0.3386016834542681,
          "mad": 0.03657073912138192,
          "p05": 0.15813011090509638,
          "p95": 0.3760861718677902
        },
        "font_height_cv": {
          "median": 0.2726391176634816,
          "mad": 0.022129730566080807,
          "p05": 0.1598597068769912,
          "p95": 0.3179931152547091
        },
        "stroke_fill_ratio": {
          "median": 0.02230015734769408,
          "mad": 0.004141849070970123,
          "p05": 0.017326147358697728,
          "p95": 0.04119265953367337
        }
      },
      "reference_number": {
        "laplacian_var": {
          "median": 652.849147218938,
          "mad": 326.21043884515535,
          "p05": 120.10075130994034,
          "p95": 1210.4893683426164
        },
        "edge_density": {
          "median": 0.020375400908016646,
          "mad": 0.0036514320520519006,
          "p05": 0.014749541509074583,
          "p95": 0.02866670270416368
        },
        "spacing_cv": {
          "median": 0.19360775092969776,
          "mad": 0.02618265568815252,
          "p05": 0.16083075821078885,
          "p95": 1.0413404542570242
        },
        "alignment_std": {
          "median": 0.02552535667974763,
          "mad": 0.0060212385967283195,
          "p05": 0.016057079589487024,
          "p95": 0.28179568563502816
        },
        "font_height_cv": {
          "median": 0.32934148789253803,
          "mad": 0.045521092888058834,
          "p05": 0.2741271541238826,
          "p95": 0.9734616163107204
        },
        "stroke_fill_ratio": {
          "median": 0.04575831490129738,
          "mad": 0.010722836337918377,
          "p05": 0.016783035382257172,
          "p95": 0.05890982066840548
        }
      },
      "timestamp": {
        "laplacian_var": {
          "median": 215.5198881589094,
          "mad": 215.5198881589094,
          "p05": 0.0,
          "p95": 1190.1031538506732
        },
        "edge_density": {
          "median": 0.009839677270494365,
          "mad": 0.009839677270494365,
          "p05": 0.0,
          "p95": 0.0317638976322826
        },
        "spacing_cv": {
          "median": 0.3822638869960084,
          "mad": 0.3822638869960084,
          "p05": 0.0,
          "p95": 0.9646241022013521
        },
        "alignment_std": {
          "median": 0.007379700661429015,
          "mad": 0.007379700661429015,
          "p05": 0.0,