{
  "input_path": "c:\\Users\\YUKI\\Documents\\Vivy\\dataset\\AndroidGenuine\\gA_053.jpg",
  "geometry_pass": true,
  "area_ratio": 0.5901248601638338,
  "aspect_ratio": 0.6110590440487348,
  "roi_box": {
    "x": 68,
    "y": 132,
    "w": 1304,
    "h": 2134,
    "area": 2616472
  },
  "crop_box_with_padding": {
    "x0": 29,
    "y0": 68,
    "x1": 1410,
    "y1": 2329,
    "width": 1382,
    "height": 2262
  },
  "output_tensor_shape": [
    224,
    224,
    3
  ],
  "output_tensor_path": "c:\\Users\\YUKI\\Documents\\Vivy\\artifacts\\debug_compare\\gA_053_flutter\\flutter_tensor_f32.bin",
  "roi_png_path": "c:\\Users\\YUKI\\Documents\\Vivy\\artifacts\\debug_compare\\gA_053_flutter\\flutter_roi.png",
  "resized_png_path": "c:\\Users\\YUKI\\Documents\\Vivy\\artifacts\\debug_compare\\gA_053_flutter\\flutter_resized_224.png",
  "stats": {
    "mean": 0.8006544059514583,
    "std": 0.31275798804995547,
    "min": 0.10196078568696976,
    "max": 0.9921568632125854
  },
  "sample_values": {
    "0": 0.10196078568696976,
    "1": 0.10196078568696976,
    "2": 0.10196078568696976,
    "3": 0.10196078568696976,
    "4": 0.10196078568696976,
    "5": 0.10196078568696976,
    "75600": 0.9921568632125854,
    "150525": 0.10196078568696976
  }
}