{
  "input_path": "c:\\Users\\YUKI\\Documents\\Vivy\\dataset\\AndroidGenuine\\gA_145.jfif",
  "geometry_pass": true,
  "area_ratio": 0.6374503065831143,
  "aspect_ratio": 0.515713134568896,
  "roi_box": {
    "x": 40,
    "y": 70,
    "w": 640,
    "h": 1241,
    "area": 756832
  },
  "crop_box_with_padding": {
    "x0": 21,
    "y0": 33,
    "x1": 698,
    "y1": 1347,
    "width": 678,
    "height": 1315
  },
  "output_tensor_shape": [
    224,
    224,
    3
  ],
  "output_tensor_path": "c:\\Users\\YUKI\\Documents\\Vivy\\artifacts\\debug_compare\\gA_145_flutter\\flutter_tensor_f32.bin",
  "roi_png_path": "c:\\Users\\YUKI\\Documents\\Vivy\\artifacts\\debug_compare\\gA_145_flutter\\flutter_roi.png",
  "resized_png_path": "c:\\Users\\YUKI\\Documents\\Vivy\\artifacts\\debug_compare\\gA_145_flutter\\flutter_resized_224.png",
  "stats": {
    "mean": 0.8108408242533558,
    "std": 0.30575164778474306,
    "min": 0.10196078568696976,
    "max": 0.9921568632125854
  },
  "sample_values": {
    "0": 0.10196078568696976,
    "1": 0.10196078568696976,
    "2": 0.10196078568696976,
    "3": 0.10196078568696976,
    "4": 0.10196078568696976,
    "5": 0.10196078568696976,
    "75600": 0.9921568632125854,
    "150525": 0.10196078568696976
  }
}