val_loss,val_binary_accuracy,binary_accuracy,loss
0.6450983285903931,0.5,0.6875,0.6638696789741516
0.5898036956787109,0.609375,0.78125,0.4401315450668335
